[
  {
    "id": "57b119c1-c693-4fcc-b665-e423ad336799",
    "data": [
      {
        "text": "ciao",
        "userDefined": false
      }
    ],
    "isTemplate": false,
    "count": 0,
    "updated": 0
  },
  {
    "id": "ab8c05bb-a540-4bbc-900a-98e34f6151b8",
    "data": [
      {
        "text": "ciao ciao",
        "userDefined": false
      }
    ],
    "isTemplate": false,
    "count": 0,
    "updated": 0
  },
  {
    "id": "f136eb25-6dbe-4091-8725-86d53bcfcbf9",
    "data": [
      {
        "text": "ciao bello",
        "userDefined": false
      }
    ],
    "isTemplate": false,
    "count": 0,
    "updated": 0
  },
  {
    "id": "b89a4d52-5609-4300-a4b4-08df494c38ec",
    "data": [
      {
        "text": "ciao bella",
        "userDefined": false
      }
    ],
    "isTemplate": false,
    "count": 0,
    "updated": 0
  },
  {
    "id": "55e0d2fc-8f4c-4725-90cc-78f05204a8a2",
    "data": [
      {
        "text": "ciao caro",
        "userDefined": false
      }
    ],
    "isTemplate": false,
    "count": 0,
    "updated": 0
  },
  {
    "id": "60bf93c1-be0b-4987-a0d3-12520846c86c",
    "data": [
      {
        "text": "ciao cara",
        "userDefined": false
      }
    ],
    "isTemplate": false,
    "count": 0,
    "updated": 0
  },
  {
    "id": "f6ba84f6-9316-4f14-9417-9d07380bb8aa",
    "data": [
      {
        "text": "salve",
        "userDefined": false
      }
    ],
    "isTemplate": false,
    "count": 0,
    "updated": 0
  },
  {
    "id": "1c3dc1d0-9d06-4e13-9b49-fb44926be63c",
    "data": [
      {
        "text": "ehi",
        "userDefined": false
      }
    ],
    "isTemplate": false,
    "count": 0,
    "updated": 0
  }
]