[
  {
    "id": "79b0e02d-6766-44a5-9f3e-d0216da707cc",
    "data": [
      {
        "text": "L\u0027oggetto",
        "alias": "oggetti",
        "meta": "@oggetti",
        "userDefined": true
      },
      {
        "text": " e\u0027 in ",
        "userDefined": false
      },
      {
        "text": "uscita",
        "alias": "oggetti",
        "meta": "@oggetti",
        "userDefined": true
      }
    ],
    "isTemplate": false,
    "count": 0,
    "updated": 0
  },
  {
    "id": "dc70930c-31c7-43ef-99e1-8ea7cb26f645",
    "data": [
      {
        "text": "L\u0027oggetto e\u0027 in ",
        "userDefined": false
      },
      {
        "text": "entrata",
        "alias": "oggetti",
        "meta": "@oggetti",
        "userDefined": true
      }
    ],
    "isTemplate": false,
    "count": 0,
    "updated": 0
  }
]